cost_bps,sharpe,cagr,max_dd,annual_turnover,total_cost,cumulative_return,strategy
0,0.8429671300625311,0.07704785909740863,-0.24712717181531108,18.8478312156524,0.0,3.035609198609486,binary_regime
2,0.8025274944877518,0.07299657876062371,-0.2510086032265969,18.8478312156524,0.05639390768492822,2.8692001088139043,binary_regime
5,0.741859286550684,0.0669479860008837,-0.256793474094157,18.8478312156524,0.14098476921232056,2.6365251835213575,binary_regime
10,0.6407289131138348,0.05694207345480096,-0.2663363647323794,18.8478312156524,0.2819695384246411,2.2898834562811152,binary_regime
15,0.539588484338158,0.047029254276951926,-0.27575741048908553,18.8478312156524,0.4229543076369616,1.9887959448283894,binary_regime
20,0.43845047250779806,0.03720866922469024,-0.28505815834494264,18.8478312156524,0.5639390768492822,1.7272788768702125,binary_regime
30,0.23623153124059385,0.01784080379216535,-0.3077626706005776,18.8478312156524,0.8459086152739232,1.3028460505634316,binary_regime
50,-0.16763061505888566,-0.019825059690317004,-0.36782916650018516,18.8478312156524,1.4098476921232055,0.7411378939401007,binary_regime
0,0.8694531127160334,0.06050459373662842,-0.15390024137463643,20.00389961649548,0.0,2.408107709585774,proportional_regime
2,0.8126924244763181,0.05627144717326038,-0.15724330842373024,20.00389961649548,0.05985293774141902,2.268243262560199,proportional_regime
5,0.7275231878216197,0.049953150867400486,-0.1622333255051619,20.00389961649548,0.14963234435354753,2.0735224489958983,proportional_regime
10,0.5855156103248301,0.039505904998300645,-0.1709493353874214,20.00389961649548,0.29926468870709505,1.7854047023025668,proportional_regime
15,0.4434610957801514,0.029161834886852978,-0.1824390305508945,20.00389961649548,0.44889703306064255,1.5373038156703929,proportional_regime
20,0.3013903932599197,0.018919929224457066,-0.19377028668617324,20.00389961649548,0.5985293774141901,1.3236642313016027,proportional_regime
30,0.017323388568482322,-0.0012613848926287252,-0.21596614774637335,20.00389961649548,0.8977940661212851,0.9812945299535916,proportional_regime
50,-0.5496559683059652,-0.040441456906768924,-0.5044018942146058,20.00389961649548,1.4963234435354753,0.5392418562813142,proportional_regime
0,0.7930017503052714,0.038874972333496016,-0.08499908285929192,16.317542104444627,0.0,1.7527375442587616,vol_targeted
2,0.7273046259956218,0.03549067427432284,-0.08986864895193325,16.317542104444627,0.04802019533593706,1.6705727608730632,vol_targeted
5,0.6287260846319472,0.03043470748967536,-0.09712469016804082,16.317542104444627,0.12005048833984264,1.5544867991265656,vol_targeted
10,0.46437488814322303,0.022062419383460208,-0.10909039965797784,16.317542104444627,0.24010097667968527,1.3786482163994251,vol_targeted
15,0.30001191395312254,0.01375756530481631,-0.12363352420427154,16.317542104444627,0.360151465019528,1.2226894466431146,vol_targeted
20,0.13570087277267512,0.005519606838779723,-0.14231818591154288,16.317542104444627,0.48020195335937055,1.0843641195862972,vol_targeted
30,-0.19251151835400915,-0.010757755641888522,-0.20401621799670822,16.317542104444627,0.720302930039056,0.8528681775247794,vol_targeted
50,-0.8455431344927361,-0.04253295458823991,-0.48801440220588155,16.317542104444627,1.2005048833984264,0.5275343175138357,vol_targeted
0,1.025398768278607,0.0956545779732405,-0.1362734228985495,9.057294429708222,0.0,3.9222070300287832,regime_momentum
2,1.0060168565175647,0.09367251427170542,-0.13753312553896635,9.057294429708222,0.0271,3.8173881355451718,regime_momentum
5,0.9769279600396571,0.09070597175323436,-0.13941934750564977,9.057294429708222,0.06775,3.6653801825968357,regime_momentum
10,0.9284075675341927,0.08577915896073729,-0.14335223129316355,9.057294429708222,0.1355,3.4253441015382635,regime_momentum
15,0.8798448142267603,0.08087404606573623,-0.15350582725576745,9.057294429708222,0.20325000000000001,3.2010027637000285,regime_momentum
20,0.8312469408409896,0.07599053992914695,-0.16354023207809287,9.057294429708222,0.271,2.991331576968105,regime_momentum
30,0.7339748506428707,0.06628797731997715,-0.18331997387415144,9.057294429708222,0.40650000000000003,2.612230857214207,regime_momentum
50,0.5393284734761004,0.04713807810513959,-0.2219744711884427,9.057294429708222,0.6775,1.991890593282814,regime_momentum
0,0.6771065531248724,0.07501761271551755,-0.20676909615915262,6.081145584725537,0.0,2.9519684369660233,sma_200
2,0.6666875202049349,0.07371071695340947,-0.21024604966022875,6.081145584725537,0.0182,2.8987195625175572,sma_200
5,0.6510391835496571,0.07175286253598001,-0.215434215726929,6.081145584725537,0.0455,2.820622546279407,sma_200
10,0.6249104137131712,0.06849640074832042,-0.22400893690053658,6.081145584725537,0.091,2.6950594158674006,sma_200
15,0.598728819120951,0.06524821044342266,-0.2324941582921246,6.081145584725537,0.1365,2.5750271537783402,sma_200
20,0.5725030121154041,0.06200827473822823,-0.24089077002355508,6.081145584725537,0.182,2.4602847222918447,sma_200
30,0.5199533098228318,0.055553099724829025,-0.25742168299753176,6.081145584725537,0.273,2.245756715123869,sma_200
50,0.41470309434610403,0.0427410649257467,-0.28945843362324886,6.081145584725537,0.455,1.8706735133208188,sma_200
0,0.5750180608323013,0.0501896869286933,-0.18402417963405915,11.761336515513127,0.0,2.0809261808311206,vix_20
2,0.5496598569592692,0.04772302917924787,-0.1913676942174377,11.761336515513127,0.03520000000000001,2.00897373834986,vix_20
5,0.5115675839461284,0.04403298064888661,-0.21079117192599306,11.761336515513127,0.088,1.905657754983744,vix_20
10,0.44796710701242626,0.037909315279357925,-0.24214468802519507,11.761336515513127,0.176,1.7450747109978482,vix_20
15,0.3842791231097074,0.03181852989934053,-0.2722673715067875,11.761336515513127,0.264,1.5979530323861948,vix_20
20,0.32056620933824337,0.025760464291860075,-0.3012069601720616,11.761336515513127,0.352,1.4631701861795485,vix_20
30,0.19331449127878028,0.013741855029241412,-0.35571872860859544,11.761336515513127,0.528,1.2265887467016707,vix_20
50,-0.05879563486022393,-0.00990969828746513,-0.45245087392575467,11.761336515513127,0.8800000000000001,0.8615422263016876,vix_20
0,0.6738887835457049,0.06714873221132711,-0.23568518345749312,1.7792899787119671,0.0,2.6020163388138906,vol_managed
2,0.6704945854246752,0.06676927096350882,-0.2360392488877744,1.7792899787119671,0.005236196223066645,2.588435298135985,vol_managed
5,0.665402592545904,0.0662003216077518,-0.2365700421708571,1.7792899787119671,0.013090490557666614,2.5681961604716474,vol_managed
10,0.6569141191419668,0.06525271903027074,-0.23745388529321898,1.7792899787119671,0.026180981115333228,2.5348143455267893,vol_managed
15,0.6484234319770338,0.06430592380334477,-0.2383367139802247,1.7792899787119671,0.039271471672999846,2.501865227330204,vol_managed
20,0.6399305997587549,0.06335993525198313,-0.23921852938620514,1.7792899787119671,0.052361962230666456,2.4693432122944534,vol_managed
30,0.6229387752986375,0.06147037547870848,-0.24097912496590634,1.7792899787119671,0.07854294334599969,2.4055584770377134,vol_managed
50,0.5889324153845388,0.05770090639973735,-0.24448820739930344,1.7792899787119671,0.13090490557666618,2.2828760190452337,vol_managed
