strategy,alpha_daily,alpha_annual,alpha_tstat,alpha_pvalue,r_squared,r_squared_adj,n_obs,beta_Mkt-RF,tstat_Mkt-RF,pvalue_Mkt-RF,beta_SMB,tstat_SMB,pvalue_SMB,beta_HML,tstat_HML,pvalue_HML,beta_RMW,tstat_RMW,pvalue_RMW,beta_CMA,tstat_CMA,pvalue_CMA,beta_Mom,tstat_Mom,pvalue_Mom
binary_regime,1.7049645446273606e-05,0.004296510652460949,0.40203942518941566,0.6876550115439212,0.7477862805918998,0.7473841327533538,3770,0.339008042005213,11.767086849046896,5.768215042958971e-32,0.0038383834043931326,0.2744626927784909,0.7837290700130092,-0.04448625692405802,-1.8322793560470916,0.06690981113661504,-0.011185078120276415,-0.30996681857533076,0.756586189390028,0.0417705478215695,1.5608919438719224,0.11854924844162455,-0.034739543048064495,-1.7259073515173953,0.08436408194794395
proportional_regime,-3.2458000007212065e-06,-0.000817941600181744,-0.09005974242491604,0.9282397400620558,0.668417849740667,0.6678891511221297,3770,0.24126655803449504,11.119754764865046,1.0054798917790889e-28,0.0010863073171278863,0.08682283007495713,0.9308123403707884,-0.04469955598227899,-2.2875167758658144,0.022165677388861875,0.0031392690588686045,0.11369079656288192,0.9094829084937734,0.03776329851544001,1.6609503400138796,0.09672342078274186,-0.03241470274835419,-2.1785070504703836,0.02936830790375931
vol_targeted,-1.6615341582452898e-05,-0.00418706607877813,-0.492906799447273,0.6220784426975923,0.41183291302711944,0.41087938627169196,3708,0.13254437959875834,8.703327083926068,3.222933029385351e-18,0.02215425476545226,2.8391045936522965,0.0045240325201906986,-0.024978470470174825,-2.0968157901274327,0.036009885254054734,-0.015961684371891095,-0.8578689331602053,0.39096484055166425,0.03891330912114779,2.714774481106854,0.006632091599250649,0.02161050178985186,2.0335038800484173,0.04200164197063154
regime_momentum,3.2823220343520435e-05,0.00827145152656715,0.590848409396413,0.5546219958536134,0.20561617958606515,0.2043495564336646,3770,0.14608372237276407,6.103305615172148,1.038969070374887e-09,0.029140887207052185,1.8986966070364963,0.05760437793458645,-0.003957230425272226,-0.18613291397926862,0.8523405312832844,-0.0424954336542555,-1.3840528833391341,0.1663422624944233,0.08300556195542502,2.6793984666226773,0.007375456736289215,0.03231735730631915,1.6700525714605556,0.09490896274950873
regime_vol_targeted,1.9358036090821778e-05,0.004878225094887088,0.4496884904821274,0.6529350714766518,0.3692453707355835,0.36822280176082367,3708,0.16011954953880497,7.65215303620406,1.976418230193865e-14,0.03617048342571294,3.276772046301243,0.0010500110454996928,-0.024408974325690315,-1.4635087113838665,0.14332823168344525,-0.022494120812660397,-0.8966857628232399,0.36988661978215664,0.049271808633929534,2.5416887793399963,0.011031835419613332,0.033858377372537746,2.400871201607071,0.016356092317598315
buy_and_hold,-2.844481698624504e-05,-0.0071680938805337505,-2.2879162572407217,0.022142398372055613,0.9850214376831824,0.9849975611226349,3771,0.9961628095782388,78.04470353949667,0.0,-0.12745719979199233,-10.528568619902732,6.379717960764293e-26,-0.005378983860065198,-0.267615222878879,0.7889955120813822,0.06287648151346587,4.606417911628433,4.096646733444752e-06,0.0458922480501224,1.982590068507029,0.0474132376262615,-0.014076268875093785,-2.0057506569743757,0.04488285755078831
sma_200,8.629227748287986e-05,0.021745653925685726,0.8863482317802415,0.37542990607600213,0.3789870337831641,0.37799710875731374,3771,0.36778768999472794,6.959476928100355,3.4153844323530953e-12,0.1041824099572082,3.6951853722204935,0.0002197264187384902,-0.04169458252449224,-0.9583137841788538,0.3379045551264198,0.013832600495577926,0.2182778465898973,0.827212634172534,0.20551452413090643,4.211880667364525,2.5325333059626064e-05,0.1135745815175995,3.073781923862508,0.002113638748145511
vix_20,2.3433989462886527e-05,0.0059053653446474045,0.2736085441817975,0.7843854671769667,0.2500674183336957,0.24887198913869102,3771,0.23335006337147984,6.650560792126511,2.9197836950905963e-11,0.06711018423477956,3.361382002455323,0.0007755348531933317,-0.08324556023520359,-2.7836416356326845,0.005375238789261883,-0.03524681562130779,-0.8699144667441924,0.38434714891815025,0.0509502176808162,1.2817778058264007,0.19992060192737238,0.06238239791310359,2.6552195326139687,0.007925681013179243
vol_managed,3.1689536246371277e-05,0.007985763134085562,0.633260304496446,0.5265636709650041,0.7683606750525689,0.7679851452093686,3708,0.4668997475989572,14.86020514014969,5.97419731674752e-50,-4.544465409390746e-05,-0.0026838412226847805,0.9978586070955173,-0.030064430360852323,-1.310337111778079,0.1900818180398549,-0.033224160335633496,-1.0182424774173373,0.308562737406867,0.08905823931609391,3.550723643355025,0.0003841735821046157,0.08055769697221832,3.8870410240177824,0.00010147360994751267
