regime,regime_id,horizon_days,mean_realized_vol,median_realized_vol,count
Calm,0,5,0.11505765663699201,0.09433274388222986,1959
Moderate,1,5,0.1583995660564513,0.1316158307693715,831
Turbulent,2,5,0.22127704921559638,0.15683340384184136,976
Calm,0,10,0.12191735900261469,0.10220147158050503,1954
Moderate,1,10,0.1631529942294498,0.14077005950632962,831
Turbulent,2,10,0.22513795639833947,0.16370269748507404,976
Calm,0,20,0.12889344632676444,0.10943726331757014,1944
Moderate,1,20,0.16454783129946107,0.14367673348341223,831
Turbulent,2,20,0.22293991962525453,0.15976692998206188,976
