strategy,sharpe,bootstrap_ci_lower,bootstrap_ci_upper,hac_se,hac_ci_lower,hac_ci_upper
binary_regime,0.7374556345341379,0.335102466255699,1.206989266407155,0.23198944820103512,0.28285414130886916,1.1922527782569268
proportional_regime,0.6918488458982022,0.29110382472808344,1.1429222976810207,0.23371452253609343,0.2338601571269341,1.1500210854684203
vol_targeted,0.5960411052662347,0.12909873929515273,1.0893966994689317,0.2513382782488999,0.10349846847590471,1.0887445192115925
regime_momentum,0.8661401072749721,0.4110446083774977,1.3138345243519804,0.23294073529333073,0.4096911616510268,1.3228188440008832
regime_vol_targeted,0.7604057605244557,0.32715545608319585,1.2558557513175956,0.2416831611961604,0.2868093211601934,1.2342073130491422
buy_and_hold,0.5544392506100004,0.1308022239915415,1.091931562322557,0.21973690637038024,0.12382844230561446,0.985197115277505
sma_200,0.6405945644071782,0.1287550772028349,1.167684257542539,0.2537306050245593,0.1433675324171712,1.1379915041134436
vix_20,0.48614189902109584,-0.008154470726134023,0.9934927310163003,0.255112941990269,-0.013814996501877952,0.9862277360999767
vol_managed,0.6620110679533864,0.23171861438320357,1.1713602965364094,0.2414496604990982,0.18885901937838595,1.1353416885348508
